Workbook

Sheet README
A1: 2 ISKO PRODUCTION FY2027-28 - cutting, bending, fabrication, rejection / rework, batch balance, WIP
A2: PROTOTYPE - sample / masked data - layout of the target design, not the live ERP
A4: Daily routine
A5: Start of shift | B5: Refresh All: X_Batch (open batches from Stores). Check Batch Balance is current.
A6: Through the shift | B6: Type in Prod Entry / Rej-Rework Entry. Post READY rows. A cutting line can never use more than the batch has left.
A7: Batch finished | B7: Post a Batch Close row (variance above tolerance needs reason + approver).
A8: Never | B8: Count WIP - WIP is calculated from postings.
A11: Cell colours
A12: Cream | B12: you type or pick here
A13: Mint | B13: calculated / snapshot - posted as value
A14: Light grey | B14: lookup shown for information
A15: Coral | B15: hard stop - row cannot be posted
A16: Amber | B16: warning - post only with an authorised reason
A17: Teal | B17: totals
A18: Blue | B18: column headers

Sheet Prod Entry
A1: PRODUCTION ENTRY PAD
A2: Cutting lines must quote an open batch of the machine. Output kg = qty x Wt/pc from the part master (frozen at posting).
A4: Prod ID | B4: Prod Date | C4: Shift | D4: Machine ID | E4: Stage | F4: Batch ID | G4: Lot ID | H4: Part ID | I4: Product ID | J4: Drawing / Rev | K4: Qty | L4: Wt/pc kg | M4: Output kg | N4: Scrap kg | O4: Batch kg Left | P4: Operator | Q4: Dup Key | R4: Ready / issues
A5: =IF(D5="","","PRD-"&'Settings'!$B$6&"-"&TEXT(COUNTA('Production Register'!$A$5:$A$400)+ROW()-4,"000000")) | B5: 46492 | C5: A | D5: MC-01 | E5: =IF(D5="","",INDEX('M_Machine'!$C$5:$C$50,MATCH(D5,'M_Machine'!$A$5:$A$50,0))) | F5: ISS-2728-000001 | G5: =IF(F5="","",IFERROR(INDEX('X_Batch'!$D$5:$D$400,MATCH(F5,'X_Batch'!$A$5:$A$400,0)),"NOT OPEN")) | H5: A12-SP-04 | I5: =IF(H5="","",INDEX('M_Part'!$B$5:$B$50,MATCH(H5,'M_Part'!$A$5:$A$50,0))) | J5: =IF(H5="","",INDEX('M_Part'!$D$5:$D$50,MATCH(H5,'M_Part'!$A$5:$A$50,0))&" / "&INDEX('M_Part'!$E$5:$E$50,MATCH(H5,'M_Part'!$A$5:$A$50,0))) | K5: 20 | L5: =IF(H5="","",INDEX('M_Part'!$H$5:$H$50,MATCH(H5,'M_Part'!$A$5:$A$50,0))) | M5: =IF(K5="","",ROUND(K5*L5,3)) | N5: 3 | O5: =IF(F5="","",IFERROR(INDEX('Batch Balance'!$K$5:$K$100,MATCH(F5,'Batch Balance'!$A$5:$A$100,0)),0)-SUMIFS(M$4:M4,F$4:F4,F5)-SUMIFS(N$4:N4,F$4:F4,F5)) | P5: PER-021 | Q5: =IF(D5="","",B5&"|"&C5&"|"&D5&"|"&F5&"|"&H5&"|"&K5) | R5: =IF(D5="","",IF(AND(E5="CUTTING",F5=""),"CUTTING NEEDS A BATCH",IF(G5="NOT OPEN","BATCH NOT OPEN",IF(AND(E5="CUTTING",N(M5)+N(N5)>N(O5)+MAX('Settings'!$B$10,'Settings'!$B$9*N(O5))),"OVER BATCH by "&TEXT(N(M5)+N(N5)-N(O5),"0.0")&" kg",IF(COUNTIF('Production Register'!$Q$5:$Q$400,Q5)>0,"WARN: POSSIBLE DUPLICATE - same key posted","READY")))))
A6: =IF(D6="","","PRD-"&'Settings'!$B$6&"-"&TEXT(COUNTA('Production Register'!$A$5:$A$400)+ROW()-4,"000000")) | B6: 46492 | C6: A | D6: MC-01 | E6: =IF(D6="","",INDEX('M_Machine'!$C$5:$C$50,MATCH(D6,'M_Machine'!$A$5:$A$50,0))) | F6: ISS-2728-000001 | G6: =IF(F6="","",IFERROR(INDEX('X_Batch'!$D$5:$D$400,MATCH(F6,'X_Batch'!$A$5:$A$400,0)),"NOT OPEN")) | H6: A12-SP-04 | I6: =IF(H6="","",INDEX('M_Part'!$B$5:$B$50,MATCH(H6,'M_Part'!$A$5:$A$50,0))) | J6: =IF(H6="","",INDEX('M_Part'!$D$5:$D$50,MATCH(H6,'M_Part'!$A$5:$A$50,0))&" / "&INDEX('M_Part'!$E$5:$E$50,MATCH(H6,'M_Part'!$A$5:$A$50,0))) | K6: 10 | L6: =IF(H6="","",INDEX('M_Part'!$H$5:$H$50,MATCH(H6,'M_Part'!$A$5:$A$50,0))) | M6: =IF(K6="","",ROUND(K6*L6,3)) | N6: 1.5 | O6: =IF(F6="","",IFERROR(INDEX('Batch Balance'!$K$5:$K$100,MATCH(F6,'Batch Balance'!$A$5:$A$100,0)),0)-SUMIFS(M$4:M5,F$4:F5,F6)-SUMIFS(N$4:N5,F$4:F5,F6)) | P6: PER-021 | Q6: =IF(D6="","",B6&"|"&C6&"|"&D6&"|"&F6&"|"&H6&"|"&K6) | R6: =IF(D6="","",IF(AND(E6="CUTTING",F6=""),"CUTTING NEEDS A BATCH",IF(G6="NOT OPEN","BATCH NOT OPEN",IF(AND(E6="CUTTING",N(M6)+N(N6)>N(O6)+MAX('Settings'!$B$10,'Settings'!$B$9*N(O6))),"OVER BATCH by "&TEXT(N(M6)+N(N6)-N(O6),"0.0")&" kg",IF(COUNTIF('Production Register'!$Q$5:$Q$400,Q6)>0,"WARN: POSSIBLE DUPLICATE - same key posted","READY")))))
A7: =IF(D7="","","PRD-"&'Settings'!$B$6&"-"&TEXT(COUNTA('Production Register'!$A$5:$A$400)+ROW()-4,"000000")) | B7: 46490 | C7: B | D7: MC-05 | E7: =IF(D7="","",INDEX('M_Machine'!$C$5:$C$50,MATCH(D7,'M_Machine'!$A$5:$A$50,0))) | G7: =IF(F7="","",IFERROR(INDEX('X_Batch'!$D$5:$D$400,MATCH(F7,'X_Batch'!$A$5:$A$400,0)),"NOT OPEN")) | H7: A12-BP-01 | I7: =IF(H7="","",INDEX('M_Part'!$B$5:$B$50,MATCH(H7,'M_Part'!$A$5:$A$50,0))) | J7: =IF(H7="","",INDEX('M_Part'!$D$5:$D$50,MATCH(H7,'M_Part'!$A$5:$A$50,0))&" / "&INDEX('M_Part'!$E$5:$E$50,MATCH(H7,'M_Part'!$A$5:$A$50,0))) | K7: 60 | L7: =IF(H7="","",INDEX('M_Part'!$H$5:$H$50,MATCH(H7,'M_Part'!$A$5:$A$50,0))) | M7: =IF(K7="","",ROUND(K7*L7,3)) | N7: 0 | O7: =IF(F7="","",IFERROR(INDEX('Batch Balance'!$K$5:$K$100,MATCH(F7,'Batch Balance'!$A$5:$A$100,0)),0)-SUMIFS(M$4:M6,F$4:F6,F7)-SUMIFS(N$4:N6,F$4:F6,F7)) | P7: PER-030 | Q7: =IF(D7="","",B7&"|"&C7&"|"&D7&"|"&F7&"|"&H7&"|"&K7) | R7: =IF(D7="","",IF(AND(E7="CUTTING",F7=""),"CUTTING NEEDS A BATCH",IF(G7="NOT OPEN","BATCH NOT OPEN",IF(AND(E7="CUTTING",N(M7)+N(N7)>N(O7)+MAX('Settings'!$B$10,'Settings'!$B$9*N(O7))),"OVER BATCH by "&TEXT(N(M7)+N(N7)-N(O7),"0.0")&" kg",IF(COUNTIF('Production Register'!$Q$5:$Q$400,Q7)>0,"WARN: POSSIBLE DUPLICATE - same key posted","READY")))))
A8: =IF(D8="","","PRD-"&'Settings'!$B$6&"-"&TEXT(COUNTA('Production Register'!$A$5:$A$400)+ROW()-4,"000000")) | B8: 46492 | C8: A | D8: MC-03 | E8: =IF(D8="","",INDEX('M_Machine'!$C$5:$C$50,MATCH(D8,'M_Machine'!$A$5:$A$50,0))) | G8: =IF(F8="","",IFERROR(INDEX('X_Batch'!$D$5:$D$400,MATCH(F8,'X_Batch'!$A$5:$A$400,0)),"NOT OPEN")) | H8: B07-CB-02 | I8: =IF(H8="","",INDEX('M_Part'!$B$5:$B$50,MATCH(H8,'M_Part'!$A$5:$A$50,0))) | J8: =IF(H8="","",INDEX('M_Part'!$D$5:$D$50,MATCH(H8,'M_Part'!$A$5:$A$50,0))&" / "&INDEX('M_Part'!$E$5:$E$50,MATCH(H8,'M_Part'!$A$5:$A$50,0))) | K8: 40 | L8: =IF(H8="","",INDEX('M_Part'!$H$5:$H$50,MATCH(H8,'M_Part'!$A$5:$A$50,0))) | M8: =IF(K8="","",ROUND(K8*L8,3)) | N8: 2 | O8: =IF(F8="","",IFERROR(INDEX('Batch Balance'!$K$5:$K$100,MATCH(F8,'Batch Balance'!$A$5:$A$100,0)),0)-SUMIFS(M$4:M7,F$4:F7,F8)-SUMIFS(N$4:N7,F$4:F7,F8)) | P8: PER-011 | Q8: =IF(D8="","",B8&"|"&C8&"|"&D8&"|"&F8&"|"&H8&"|"&K8) | R8: =IF(D8="","",IF(AND(E8="CUTTING",F8=""),"CUTTING NEEDS A BATCH",IF(G8="NOT OPEN","BATCH NOT OPEN",IF(AND(E8="CUTTING",N(M8)+N(N8)>N(O8)+MAX('Settings'!$B$10,'Settings'!$B$9*N(O8))),"OVER BATCH by "&TEXT(N(M8)+N(N8)-N(O8),"0.0")&" kg",IF(COUNTIF('Production Register'!$Q$5:$Q$400,Q8)>0,"WARN: POSSIBLE DUPLICATE - same key posted","READY")))))
A9: =IF(D9="","","PRD-"&'Settings'!$B$6&"-"&TEXT(COUNTA('Production Register'!$A$5:$A$400)+ROW()-4,"000000")) | B9: 46492 | C9: B | D9: MC-07 | E9: =IF(D9="","",INDEX('M_Machine'!$C$5:$C$50,MATCH(D9,'M_Machine'!$A$5:$A$50,0))) | G9: =IF(F9="","",IFERROR(INDEX('X_Batch'!$D$5:$D$400,MATCH(F9,'X_Batch'!$A$5:$A$400,0)),"NOT OPEN")) | H9: B07-CB-02 | I9: =IF(H9="","",INDEX('M_Part'!$B$5:$B$50,MATCH(H9,'M_Part'!$A$5:$A$50,0))) | J9: =IF(H9="","",INDEX('M_Part'!$D$5:$D$50,MATCH(H9,'M_Part'!$A$5:$A$50,0))&" / "&INDEX('M_Part'!$E$5:$E$50,MATCH(H9,'M_Part'!$A$5:$A$50,0))) | K9: 100 | L9: =IF(H9="","",INDEX('M_Part'!$H$5:$H$50,MATCH(H9,'M_Part'!$A$5:$A$50,0))) | M9: =IF(K9="","",ROUND(K9*L9,3)) | N9: 0 | O9: =IF(F9="","",IFERROR(INDEX('Batch Balance'!$K$5:$K$100,MATCH(F9,'Batch Balance'!$A$5:$A$100,0)),0)-SUMIFS(M$4:M8,F$4:F8,F9)-SUMIFS(N$4:N8,F$4:F8,F9)) | P9: PER-030 | Q9: =IF(D9="","",B9&"|"&C9&"|"&D9&"|"&F9&"|"&H9&"|"&K9) | R9: =IF(D9="","",IF(AND(E9="CUTTING",F9=""),"CUTTING NEEDS A BATCH",IF(G9="NOT OPEN","BATCH NOT OPEN",IF(AND(E9="CUTTING",N(M9)+N(N9)>N(O9)+MAX('Settings'!$B$10,'Settings'!$B$9*N(O9))),"OVER BATCH by "&TEXT(N(M9)+N(N9)-N(O9),"0.0")&" kg",IF(COUNTIF('Production Register'!$Q$5:$Q$400,Q9)>0,"WARN: POSSIBLE DUPLICATE - same key posted","READY")))))

Sheet Rej-Rework Entry
A1: REJECTION & REWORK PAD
A2: Quote the production line the parts came from. Rejected qty cannot exceed what that line made minus earlier rejections.
A4: Event ID | B4: Event Date | C4: Event Type | D4: Case ID | E4: Source Prod ID | F4: Part ID | G4: Made Qty | H4: Already Rejected | I4: Qty | J4: Reason Code | K4: Disposition | L4: Ready / issues
A5: =IF(C5="","",IF(C5="REJECT","REJ","RWK")&"-"&'Settings'!$B$6&"-"&TEXT(COUNTA('Rej-Rework Register'!$A$5:$A$400)+ROW()-4,"00000")) | B5: 46492 | C5: REJECT | E5: PRD-2728-000002 | F5: =IF(E5="","",IFERROR(INDEX('Production Register'!$I$5:$I$400,MATCH(E5,'Production Register'!$A$5:$A$400,0)),"NOT FOUND")) | G5: =IF(E5="","",IFERROR(INDEX('Production Register'!$K$5:$K$400,MATCH(E5,'Production Register'!$A$5:$A$400,0)),0)) | H5: =IF(E5="","",SUMIFS('Rej-Rework Register'!$H$5:$H$400,'Rej-Rework Register'!$E$5:$E$400,E5,'Rej-Rework Register'!$C$5:$C$400,"REJECT")) | I5: 6 | J5: CUT-MAT | K5: SCRAP | L5: =IF(C5="","",IF(F5="NOT FOUND","SOURCE PROD ID NOT FOUND",IF(AND(C5="REJECT",I5>G5-H5),"MORE THAN MADE: max "&(G5-H5),IF(AND(C5="REJECT",J5=""),"REASON REQUIRED","READY"))))
A6: =IF(C6="","",IF(C6="REJECT","REJ","RWK")&"-"&'Settings'!$B$6&"-"&TEXT(COUNTA('Rej-Rework Register'!$A$5:$A$400)+ROW()-4,"00000")) | B6: 46492 | C6: REJECT | E6: PRD-2728-000005 | F6: =IF(E6="","",IFERROR(INDEX('Production Register'!$I$5:$I$400,MATCH(E6,'Production Register'!$A$5:$A$400,0)),"NOT FOUND")) | G6: =IF(E6="","",IFERROR(INDEX('Production Register'!$K$5:$K$400,MATCH(E6,'Production Register'!$A$5:$A$400,0)),0)) | H6: =IF(E6="","",SUMIFS('Rej-Rework Register'!$H$5:$H$400,'Rej-Rework Register'!$E$5:$E$400,E6,'Rej-Rework Register'!$C$5:$C$400,"REJECT")) | I6: 20 | J6: CUT-MAT | K6: REWORK | L6: =IF(C6="","",IF(F6="NOT FOUND","SOURCE PROD ID NOT FOUND",IF(AND(C6="REJECT",I6>G6-H6),"MORE THAN MADE: max "&(G6-H6),IF(AND(C6="REJECT",J6=""),"REASON REQUIRED","READY"))))
A7: =IF(C7="","",IF(C7="REJECT","REJ","RWK")&"-"&'Settings'!$B$6&"-"&TEXT(COUNTA('Rej-Rework Register'!$A$5:$A$400)+ROW()-4,"00000")) | B7: 46492 | C7: REJECT | E7: PRD-2728-000099 | F7: =IF(E7="","",IFERROR(INDEX('Production Register'!$I$5:$I$400,MATCH(E7,'Production Register'!$A$5:$A$400,0)),"NOT FOUND")) | G7: =IF(E7="","",IFERROR(INDEX('Production Register'!$K$5:$K$400,MATCH(E7,'Production Register'!$A$5:$A$400,0)),0)) | H7: =IF(E7="","",SUMIFS('Rej-Rework Register'!$H$5:$H$400,'Rej-Rework Register'!$E$5:$E$400,E7,'Rej-Rework Register'!$C$5:$C$400,"REJECT")) | I7: 2 | J7: BND-DIM | K7: REWORK | L7: =IF(C7="","",IF(F7="NOT FOUND","SOURCE PROD ID NOT FOUND",IF(AND(C7="REJECT",I7>G7-H7),"MORE THAN MADE: max "&(G7-H7),IF(AND(C7="REJECT",J7=""),"REASON REQUIRED","READY"))))

Sheet Production Register
A1: PRODUCTION REGISTER - values only
A2: Posted lines never recalculate. Wt/pc, drawing revision and lot are frozen at posting.
A4: Prod ID | B4: Prod Date | C4: Shift | D4: Machine ID | E4: Stage | F4: Batch ID | G4: Lot ID | H4: Product ID | I4: Part ID | J4: Drawing / Rev | K4: Qty | L4: Wt/pc kg | M4: Output kg | N4: Scrap kg | O4: Operator | P4: QC | Q4: Dup Key | R4: Posted At
A5: PRD-2728-000001 | B5: 46489 | C5: A | D5: MC-01 | E5: CUTTING | F5: ISS-2728-000001 | G5: GP-2728-0001 | H5: PRD-A12 | I5: A12-BP-01 | J5: DRG-1102 / C | K5: 60 | L5: 6.215 | M5: 372.9 | N5: 24.3 | O5: PER-021 | P5: OK | Q5: 46489|A|MC-01|ISS-2728-000001|A12-BP-01|60 | R5: 46489.75
A6: PRD-2728-000002 | B6: 46489 | C6: A | D6: MC-03 | E6: CUTTING | F6: ISS-2728-000002 | G6: GP-2728-0002 | H6: PRD-B07 | I6: B07-CB-02 | J6: DRG-2210 / B | K6: 300 | L6: 1.15 | M6: 345 | N6: 30 | O6: PER-011 | P6: OK | Q6: 46489|A|MC-03|ISS-2728-000002|B07-CB-02|300 | R6: 46489.75
A7: PRD-2728-000003 | B7: 46490 | C7: B | D7: MC-05 | E7: BENDING | H7: PRD-A12 | I7: A12-BP-01 | J7: DRG-1102 / C | K7: 60 | L7: 6.215 | M7: 372.9 | N7: 0 | O7: PER-030 | P7: OK | Q7: 46490|B|MC-05||A12-BP-01|60 | R7: 46490.75
A8: PRD-2728-000004 | B8: 46491 | C8: A | D8: MC-07 | E8: FABRICATION | H8: PRD-A12 | I8: A12-BP-01 | J8: DRG-1102 / C | K8: 50 | L8: 6.215 | M8: 310.75 | N8: 0 | O8: PER-030 | P8: OK | Q8: 46491|A|MC-07||A12-BP-01|50 | R8: 46491.75
A9: PRD-2728-000005 | B9: 46490 | C9: A | D9: MC-02 | E9: CUTTING | F9: ISS-2728-000004 | G9: HR-2728-0001 | H9: PRD-C03 | I9: C03-FR-01 | J9: DRG-3301 / A | K9: 15 | L9: 12.4 | M9: 186 | N9: 20.1 | O9: PER-003 | P9: OK | Q9: 46490|A|MC-02|ISS-2728-000004|C03-FR-01|15 | R9: 46490.75
A10: PRD-2728-000006 | B10: 46491 | C10: B | D10: MC-05 | E10: BENDING | H10: PRD-B07 | I10: B07-CB-02 | J10: DRG-2210 / B | K10: 280 | L10: 1.15 | M10: 322 | N10: 0 | O10: PER-030 | P10: OK | Q10: 46491|B|MC-05||B07-CB-02|280 | R10: 46491.75

Sheet Rej-Rework Register
A1: REJECTION & REWORK REGISTER - event lines
A2: REJECT opens a case on the source Prod ID; REWORK-OK returns qty to WIP; REWORK-SCRAP closes it as scrap.
A4: Event ID | B4: Event Date | C4: Event Type | D4: Case ID | E4: Source Prod ID | F4: Stage | G4: Part ID | H4: Qty | I4: kg | J4: Reason Code | K4: Responsibility | L4: Disposition | M4: Posted At
A5: REJ-2728-00001 | B5: 46490 | C5: REJECT | D5: REJ-2728-00001 | E5: PRD-2728-000003 | F5: BENDING | G5: A12-BP-01 | H5: 4 | I5: 24.86 | J5: BND-DIM | K5: IN-HOUSE | L5: REWORK | M5: 46490.771
A6: RWK-2728-00002 | B6: 46491 | C6: REWORK-OK | D6: REJ-2728-00001 | E6: PRD-2728-000003 | F6: BENDING | G6: A12-BP-01 | H6: 3 | I6: 18.645 | M6: 46491.708
A7: RWK-2728-00003 | B7: 46491 | C7: REWORK-SCRAP | D7: REJ-2728-00001 | E7: PRD-2728-000003 | F7: BENDING | G7: A12-BP-01 | H7: 1 | I7: 6.215 | L7: SCRAP | M7: 46491.708

Sheet Batch Close Register
A1: BATCH CLOSE REGISTER
A2: A batch closes only here. Variance above tolerance needs a reason and an approver.
A4: Batch ID | B4: Close Date | C4: Net Batch kg | D4: Output kg | E4: Scrap kg | F4: Variance kg | G4: Var % | H4: Variance Reason | I4: Closed By | J4: Approved By
A5: (no batch closed yet in this sample)

Sheet Batch Balance
A1: BATCH BALANCE - open batches (calculated)
A2: kg left = issued - returned - cut output - cut scrap - stores scrap. Cutting entries are blocked beyond kg left + tolerance.
A4: Batch ID | B4: Issue Date | C4: Machine | D4: Lot ID | E4: Issued kg | F4: Returned kg | G4: Net kg | H4: Cut Output kg | I4: Cut Scrap kg | J4: Stores Scrap kg | K4: kg Left | L4: Var % | M4: Variance Rs | N4: Lines | O4: Days Open | P4: Status
A5: ISS-2728-000001 | B5: =INDEX('X_Batch'!$B$5:$B$400,MATCH(A5,'X_Batch'!$A$5:$A$400,0)) | C5: =INDEX('X_Batch'!$C$5:$C$400,MATCH(A5,'X_Batch'!$A$5:$A$400,0)) | D5: =INDEX('X_Batch'!$D$5:$D$400,MATCH(A5,'X_Batch'!$A$5:$A$400,0)) | E5: =INDEX('X_Batch'!$F$5:$F$400,MATCH(A5,'X_Batch'!$A$5:$A$400,0)) | F5: =INDEX('X_Batch'!$H$5:$H$400,MATCH(A5,'X_Batch'!$A$5:$A$400,0)) | G5: =E5-F5 | H5: =SUMIFS('Production Register'!$M$5:$M$400,'Production Register'!$F$5:$F$400,A5,'Production Register'!$E$5:$E$400,"CUTTING") | I5: =SUMIFS('Production Register'!$N$5:$N$400,'Production Register'!$F$5:$F$400,A5,'Production Register'!$E$5:$E$400,"CUTTING") | J5: =INDEX('X_Batch'!$I$5:$I$400,MATCH(A5,'X_Batch'!$A$5:$A$400,0)) | K5: =ROUND(G5-H5-I5-J5,3) | L5: =IF(G5=0,0,K5/G5) | M5: =ROUND(K5*INDEX('X_Batch'!$J$5:$J$400,MATCH(A5,'X_Batch'!$A$5:$A$400,0)),2) | N5: =COUNTIFS('Production Register'!$F$5:$F$400,A5) | O5: ='Settings'!$B$7-B5 | P5: =IF(COUNTIF('Batch Close Register'!$A$5:$A$400,A5)>0,"CLOSED",IF(N5=0,"NOT STARTED",IF(K5<-MAX('Settings'!$B$10,'Settings'!$B$9*G5),"OVER-CONSUMED",IF(ABS(K5)<=MAX('Settings'!$B$10,'Settings'!$B$9*G5),"READY TO CLOSE","IN PROGRESS"))))
A6: ISS-2728-000002 | B6: =INDEX('X_Batch'!$B$5:$B$400,MATCH(A6,'X_Batch'!$A$5:$A$400,0)) | C6: =INDEX('X_Batch'!$C$5:$C$400,MATCH(A6,'X_Batch'!$A$5:$A$400,0)) | D6: =INDEX('X_Batch'!$D$5:$D$400,MATCH(A6,'X_Batch'!$A$5:$A$400,0)) | E6: =INDEX('X_Batch'!$F$5:$F$400,MATCH(A6,'X_Batch'!$A$5:$A$400,0)) | F6: =INDEX('X_Batch'!$H$5:$H$400,MATCH(A6,'X_Batch'!$A$5:$A$400,0)) | G6: =E6-F6 | H6: =SUMIFS('Production Register'!$M$5:$M$400,'Production Register'!$F$5:$F$400,A6,'Production Register'!$E$5:$E$400,"CUTTING") | I6: =SUMIFS('Production Register'!$N$5:$N$400,'Production Register'!$F$5:$F$400,A6,'Production Register'!$E$5:$E$400,"CUTTING") | J6: =INDEX('X_Batch'!$I$5:$I$400,MATCH(A6,'X_Batch'!$A$5:$A$400,0)) | K6: =ROUND(G6-H6-I6-J6,3) | L6: =IF(G6=0,0,K6/G6) | M6: =ROUND(K6*INDEX('X_Batch'!$J$5:$J$400,MATCH(A6,'X_Batch'!$A$5:$A$400,0)),2) | N6: =COUNTIFS('Production Register'!$F$5:$F$400,A6) | O6: ='Settings'!$B$7-B6 | P6: =IF(COUNTIF('Batch Close Register'!$A$5:$A$400,A6)>0,"CLOSED",IF(N6=0,"NOT STARTED",IF(K6<-MAX('Settings'!$B$10,'Settings'!$B$9*G6),"OVER-CONSUMED",IF(ABS(K6)<=MAX('Settings'!$B$10,'Settings'!$B$9*G6),"READY TO CLOSE","IN PROGRESS"))))
A7: ISS-2728-000004 | B7: =INDEX('X_Batch'!$B$5:$B$400,MATCH(A7,'X_Batch'!$A$5:$A$400,0)) | C7: =INDEX('X_Batch'!$C$5:$C$400,MATCH(A7,'X_Batch'!$A$5:$A$400,0)) | D7: =INDEX('X_Batch'!$D$5:$D$400,MATCH(A7,'X_Batch'!$A$5:$A$400,0)) | E7: =INDEX('X_Batch'!$F$5:$F$400,MATCH(A7,'X_Batch'!$A$5:$A$400,0)) | F7: =INDEX('X_Batch'!$H$5:$H$400,MATCH(A7,'X_Batch'!$A$5:$A$400,0)) | G7: =E7-F7 | H7: =SUMIFS('Production Register'!$M$5:$M$400,'Production Register'!$F$5:$F$400,A7,'Production Register'!$E$5:$E$400,"CUTTING") | I7: =SUMIFS('Production Register'!$N$5:$N$400,'Production Register'!$F$5:$F$400,A7,'Production Register'!$E$5:$E$400,"CUTTING") | J7: =INDEX('X_Batch'!$I$5:$I$400,MATCH(A7,'X_Batch'!$A$5:$A$400,0)) | K7: =ROUND(G7-H7-I7-J7,3) | L7: =IF(G7=0,0,K7/G7) | M7: =ROUND(K7*INDEX('X_Batch'!$J$5:$J$400,MATCH(A7,'X_Batch'!$A$5:$A$400,0)),2) | N7: =COUNTIFS('Production Register'!$F$5:$F$400,A7) | O7: ='Settings'!$B$7-B7 | P7: =IF(COUNTIF('Batch Close Register'!$A$5:$A$400,A7)>0,"CLOSED",IF(N7=0,"NOT STARTED",IF(K7<-MAX('Settings'!$B$10,'Settings'!$B$9*G7),"OVER-CONSUMED",IF(ABS(K7)<=MAX('Settings'!$B$10,'Settings'!$B$9*G7),"READY TO CLOSE","IN PROGRESS"))))

Sheet WIP Balance
A1: WIP BALANCE - transaction-calculated (no counts)
A2: WIP = completed here - completed at next stage (or sent on JWC / to FG) - rejected here + rework OK.
A4: Part ID | B4: Stage | C4: Route | D4: Next Stage | E4: Qty In | F4: Qty Moved On | G4: Rejected (net) | H4: WIP Qty | I4: WIP kg | J4: Status
A5: A12-BP-01 | B5: CUTTING | C5: =INDEX('M_Part'!$J$5:$J$50,MATCH(A5,'M_Part'!$A$5:$A$50,0)) | D5: {=INDEX('M_Stage_Route'!$D$5:$D$50,MATCH(1,('M_Stage_Route'!$A$5:$A$50=C5)*('M_Stage_Route'!$C$5:$C$50=B5),0))} | E5: =SUMIFS('Production Register'!$K$5:$K$400,'Production Register'!$I$5:$I$400,A5,'Production Register'!$E$5:$E$400,B5) | F5: =IF(D5="JWC",SUMIFS('X_JWCSent'!$B$5:$B$50,'X_JWCSent'!$A$5:$A$50,A5),SUMIFS('Production Register'!$K$5:$K$400,'Production Register'!$I$5:$I$400,A5,'Production Register'!$E$5:$E$400,D5)) | G5: =SUMIFS('Rej-Rework Register'!$H$5:$H$400,'Rej-Rework Register'!$G$5:$G$400,A5,'Rej-Rework Register'!$F$5:$F$400,B5,'Rej-Rework Register'!$C$5:$C$400,"REJECT")-SUMIFS('Rej-Rework Register'!$H$5:$H$400,'Rej-Rework Register'!$G$5:$G$400,A5,'Rej-Rework Register'!$F$5:$F$400,B5,'Rej-Rework Register'!$C$5:$C$400,"REWORK-OK") | H5: =E5-F5-G5 | I5: =ROUND(H5*INDEX('M_Part'!$H$5:$H$50,MATCH(A5,'M_Part'!$A$5:$A$50,0)),3) | J5: =IF(H5<0,"BREACH - route / posting error",IF(H5=0,"OK","IN WIP"))
A6: A12-BP-01 | B6: BENDING | C6: =INDEX('M_Part'!$J$5:$J$50,MATCH(A6,'M_Part'!$A$5:$A$50,0)) | D6: {=INDEX('M_Stage_Route'!$D$5:$D$50,MATCH(1,('M_Stage_Route'!$A$5:$A$50=C6)*('M_Stage_Route'!$C$5:$C$50=B6),0))} | E6: =SUMIFS('Production Register'!$K$5:$K$400,'Production Register'!$I$5:$I$400,A6,'Production Register'!$E$5:$E$400,B6) | F6: =IF(D6="JWC",SUMIFS('X_JWCSent'!$B$5:$B$50,'X_JWCSent'!$A$5:$A$50,A6),SUMIFS('Production Register'!$K$5:$K$400,'Production Register'!$I$5:$I$400,A6,'Production Register'!$E$5:$E$400,D6)) | G6: =SUMIFS('Rej-Rework Register'!$H$5:$H$400,'Rej-Rework Register'!$G$5:$G$400,A6,'Rej-Rework Register'!$F$5:$F$400,B6,'Rej-Rework Register'!$C$5:$C$400,"REJECT")-SUMIFS('Rej-Rework Register'!$H$5:$H$400,'Rej-Rework Register'!$G$5:$G$400,A6,'Rej-Rework Register'!$F$5:$F$400,B6,'Rej-Rework Register'!$C$5:$C$400,"REWORK-OK") | H6: =E6-F6-G6 | I6: =ROUND(H6*INDEX('M_Part'!$H$5:$H$50,MATCH(A6,'M_Part'!$A$5:$A$50,0)),3) | J6: =IF(H6<0,"BREACH - route / posting error",IF(H6=0,"OK","IN WIP"))
A7: A12-BP-01 | B7: FABRICATION | C7: =INDEX('M_Part'!$J$5:$J$50,MATCH(A7,'M_Part'!$A$5:$A$50,0)) | D7: {=INDEX('M_Stage_Route'!$D$5:$D$50,MATCH(1,('M_Stage_Route'!$A$5:$A$50=C7)*('M_Stage_Route'!$C$5:$C$50=B7),0))} | E7: =SUMIFS('Production Register'!$K$5:$K$400,'Production Register'!$I$5:$I$400,A7,'Production Register'!$E$5:$E$400,B7) | F7: =IF(D7="JWC",SUMIFS('X_JWCSent'!$B$5:$B$50,'X_JWCSent'!$A$5:$A$50,A7),SUMIFS('Production Register'!$K$5:$K$400,'Production Register'!$I$5:$I$400,A7,'Production Register'!$E$5:$E$400,D7)) | G7: =SUMIFS('Rej-Rework Register'!$H$5:$H$400,'Rej-Rework Register'!$G$5:$G$400,A7,'Rej-Rework Register'!$F$5:$F$400,B7,'Rej-Rework Register'!$C$5:$C$400,"REJECT")-SUMIFS('Rej-Rework Register'!$H$5:$H$400,'Rej-Rework Register'!$G$5:$G$400,A7,'Rej-Rework Register'!$F$5:$F$400,B7,'Rej-Rework Register'!$C$5:$C$400,"REWORK-OK") | H7: =E7-F7-G7 | I7: =ROUND(H7*INDEX('M_Part'!$H$5:$H$50,MATCH(A7,'M_Part'!$A$5:$A$50,0)),3) | J7: =IF(H7<0,"BREACH - route / posting error",IF(H7=0,"OK","IN WIP"))
A8: B07-CB-02 | B8: CUTTING | C8: =INDEX('M_Part'!$J$5:$J$50,MATCH(A8,'M_Part'!$A$5:$A$50,0)) | D8: {=INDEX('M_Stage_Route'!$D$5:$D$50,MATCH(1,('M_Stage_Route'!$A$5:$A$50=C8)*('M_Stage_Route'!$C$5:$C$50=B8),0))} | E8: =SUMIFS('Production Register'!$K$5:$K$400,'Production Register'!$I$5:$I$400,A8,'Production Register'!$E$5:$E$400,B8) | F8: =IF(D8="JWC",SUMIFS('X_JWCSent'!$B$5:$B$50,'X_JWCSent'!$A$5:$A$50,A8),SUMIFS('Production Register'!$K$5:$K$400,'Production Register'!$I$5:$I$400,A8,'Production Register'!$E$5:$E$400,D8)) | G8: =SUMIFS('Rej-Rework Register'!$H$5:$H$400,'Rej-Rework Register'!$G$5:$G$400,A8,'Rej-Rework Register'!$F$5:$F$400,B8,'Rej-Rework Register'!$C$5:$C$400,"REJECT")-SUMIFS('Rej-Rework Register'!$H$5:$H$400,'Rej-Rework Register'!$G$5:$G$400,A8,'Rej-Rework Register'!$F$5:$F$400,B8,'Rej-Rework Register'!$C$5:$C$400,"REWORK-OK") | H8: =E8-F8-G8 | I8: =ROUND(H8*INDEX('M_Part'!$H$5:$H$50,MATCH(A8,'M_Part'!$A$5:$A$50,0)),3) | J8: =IF(H8<0,"BREACH - route / posting error",IF(H8=0,"OK","IN WIP"))
A9: B07-CB-02 | B9: BENDING | C9: =INDEX('M_Part'!$J$5:$J$50,MATCH(A9,'M_Part'!$A$5:$A$50,0)) | D9: {=INDEX('M_Stage_Route'!$D$5:$D$50,MATCH(1,('M_Stage_Route'!$A$5:$A$50=C9)*('M_Stage_Route'!$C$5:$C$50=B9),0))} | E9: =SUMIFS('Production Register'!$K$5:$K$400,'Production Register'!$I$5:$I$400,A9,'Production Register'!$E$5:$E$400,B9) | F9: =IF(D9="JWC",SUMIFS('X_JWCSent'!$B$5:$B$50,'X_JWCSent'!$A$5:$A$50,A9),SUMIFS('Production Register'!$K$5:$K$400,'Production Register'!$I$5:$I$400,A9,'Production Register'!$E$5:$E$400,D9)) | G9: =SUMIFS('Rej-Rework Register'!$H$5:$H$400,'Rej-Rework Register'!$G$5:$G$400,A9,'Rej-Rework Register'!$F$5:$F$400,B9,'Rej-Rework Register'!$C$5:$C$400,"REJECT")-SUMIFS('Rej-Rework Register'!$H$5:$H$400,'Rej-Rework Register'!$G$5:$G$400,A9,'Rej-Rework Register'!$F$5:$F$400,B9,'Rej-Rework Register'!$C$5:$C$400,"REWORK-OK") | H9: =E9-F9-G9 | I9: =ROUND(H9*INDEX('M_Part'!$H$5:$H$50,MATCH(A9,'M_Part'!$A$5:$A$50,0)),3) | J9: =IF(H9<0,"BREACH - route / posting error",IF(H9=0,"OK","IN WIP"))
A10: C03-FR-01 | B10: CUTTING | C10: =INDEX('M_Part'!$J$5:$J$50,MATCH(A10,'M_Part'!$A$5:$A$50,0)) | D10: {=INDEX('M_Stage_Route'!$D$5:$D$50,MATCH(1,('M_Stage_Route'!$A$5:$A$50=C10)*('M_Stage_Route'!$C$5:$C$50=B10),0))} | E10: =SUMIFS('Production Register'!$K$5:$K$400,'Production Register'!$I$5:$I$400,A10,'Production Register'!$E$5:$E$400,B10) | F10: =IF(D10="JWC",SUMIFS('X_JWCSent'!$B$5:$B$50,'X_JWCSent'!$A$5:$A$50,A10),SUMIFS('Production Register'!$K$5:$K$400,'Production Register'!$I$5:$I$400,A10,'Production Register'!$E$5:$E$400,D10)) | G10: =SUMIFS('Rej-Rework Register'!$H$5:$H$400,'Rej-Rework Register'!$G$5:$G$400,A10,'Rej-Rework Register'!$F$5:$F$400,B10,'Rej-Rework Register'!$C$5:$C$400,"REJECT")-SUMIFS('Rej-Rework Register'!$H$5:$H$400,'Rej-Rework Register'!$G$5:$G$400,A10,'Rej-Rework Register'!$F$5:$F$400,B10,'Rej-Rework Register'!$C$5:$C$400,"REWORK-OK") | H10: =E10-F10-G10 | I10: =ROUND(H10*INDEX('M_Part'!$H$5:$H$50,MATCH(A10,'M_Part'!$A$5:$A$50,0)),3) | J10: =IF(H10<0,"BREACH - route / posting error",IF(H10=0,"OK","IN WIP"))

Sheet Daily Output
A1: DAILY OUTPUT - pick a date
A2: Simple summary by machine for one day (PivotTable in the real build).
A3: Date | B3: 46489
A5: Machine ID | B5: Stage | C5: Output kg | D5: Scrap kg | E5: Lines
A6: MC-01 | B6: =INDEX('M_Machine'!$C$5:$C$50,MATCH(A6,'M_Machine'!$A$5:$A$50,0)) | C6: =SUMIFS('Production Register'!$M$5:$M$400,'Production Register'!$D$5:$D$400,A6,'Production Register'!$B$5:$B$400,$B$3) | D6: =SUMIFS('Production Register'!$N$5:$N$400,'Production Register'!$D$5:$D$400,A6,'Production Register'!$B$5:$B$400,$B$3) | E6: =COUNTIFS('Production Register'!$D$5:$D$400,A6,'Production Register'!$B$5:$B$400,$B$3)
A7: MC-02 | B7: =INDEX('M_Machine'!$C$5:$C$50,MATCH(A7,'M_Machine'!$A$5:$A$50,0)) | C7: =SUMIFS('Production Register'!$M$5:$M$400,'Production Register'!$D$5:$D$400,A7,'Production Register'!$B$5:$B$400,$B$3) | D7: =SUMIFS('Production Register'!$N$5:$N$400,'Production Register'!$D$5:$D$400,A7,'Production Register'!$B$5:$B$400,$B$3) | E7: =COUNTIFS('Production Register'!$D$5:$D$400,A7,'Production Register'!$B$5:$B$400,$B$3)
A8: MC-03 | B8: =INDEX('M_Machine'!$C$5:$C$50,MATCH(A8,'M_Machine'!$A$5:$A$50,0)) | C8: =SUMIFS('Production Register'!$M$5:$M$400,'Production Register'!$D$5:$D$400,A8,'Production Register'!$B$5:$B$400,$B$3) | D8: =SUMIFS('Production Register'!$N$5:$N$400,'Production Register'!$D$5:$D$400,A8,'Production Register'!$B$5:$B$400,$B$3) | E8: =COUNTIFS('Production Register'!$D$5:$D$400,A8,'Production Register'!$B$5:$B$400,$B$3)
A9: MC-05 | B9: =INDEX('M_Machine'!$C$5:$C$50,MATCH(A9,'M_Machine'!$A$5:$A$50,0)) | C9: =SUMIFS('Production Register'!$M$5:$M$400,'Production Register'!$D$5:$D$400,A9,'Production Register'!$B$5:$B$400,$B$3) | D9: =SUMIFS('Production Register'!$N$5:$N$400,'Production Register'!$D$5:$D$400,A9,'Production Register'!$B$5:$B$400,$B$3) | E9: =COUNTIFS('Production Register'!$D$5:$D$400,A9,'Production Register'!$B$5:$B$400,$B$3)
A10: MC-07 | B10: =INDEX('M_Machine'!$C$5:$C$50,MATCH(A10,'M_Machine'!$A$5:$A$50,0)) | C10: =SUMIFS('Production Register'!$M$5:$M$400,'Production Register'!$D$5:$D$400,A10,'Production Register'!$B$5:$B$400,$B$3) | D10: =SUMIFS('Production Register'!$N$5:$N$400,'Production Register'!$D$5:$D$400,A10,'Production Register'!$B$5:$B$400,$B$3) | E10: =COUNTIFS('Production Register'!$D$5:$D$400,A10,'Production Register'!$B$5:$B$400,$B$3)

Sheet X_Batch
A1: X_BATCH - open batches from Stores (values)
A2: Power Query extract of Stores ISSUE lines with returns and stores scrap per batch.
A4: Batch ID | B4: Issue Date | C4: Machine ID | D4: Lot ID | E4: Material ID | F4: Issued kg | G4: Issued Sh | H4: Returned kg | I4: Stores Scrap kg | J4: Rate Rs | K4: Run ID
A5: ISS-2728-000001 | B5: 46489 | C5: MC-01 | D5: GP-2728-0001 | E5: GPSP-1.6 | F5: 471 | G5: 12 | H5: 18.4 | I5: 0 | J5: 74.5 | K5: RUN-270415-0800
A6: ISS-2728-000002 | B6: 46489 | C6: MC-03 | D6: GP-2728-0002 | E6: GPSP-1.2 | F6: 420 | G6: 15 | H6: 0 | I6: 0 | J6: 74.5 | K6: RUN-270415-0800
A7: ISS-2728-000004 | B7: 46490 | C7: MC-02 | D7: HR-2728-0001 | E7: HRCA-2.0 | F7: 214.9 | G7: 3 | H7: 0 | I7: 0 | J7: 66.1 | K7: RUN-270415-0800

Sheet X_Material
A1: X_MATERIAL - from Stores (values)
A2: Power Query extract.
A4: Material ID | B4: Grade | C4: Thk mm | D4: Active
A5: GPSP-1.6 | B5: GPSP | C5: 1.6 | D5: Yes
A6: GPSP-1.2 | B6: GPSP | C6: 1.2 | D6: Yes
A7: CRCA-1.0 | B7: CRCA | C7: 1 | D7: Yes
A8: HRCA-2.0 | B8: HRCA | C8: 2 | D8: Yes

Sheet X_Customer
A1: X_CUSTOMER - from Dispatch (values)
A2: Power Query extract.
A4: Customer ID | B4: Customer | C4: Active
A5: CUS-01 | B5: Customer 1 (masked) | C5: Yes
A6: CUS-02 | B6: Customer 2 (masked) | C6: Yes

Sheet X_JWCSent
A1: X_JWC SENT / FG TRANSFER - from Dispatch (values)
A2: Quantities that left WIP to a coater (JWC) by part.
A4: Part ID | B4: Sent on JWC Qty | C4: Run ID
A5: A12-BP-01 | B5: 40 | C5: RUN-270415-0800
A6: B07-CB-02 | B6: 100 | C6: RUN-270415-0800

Sheet M_Product
A1: PRODUCT MASTER - single master for all four books
A2: Product ID never changes; Stores, Dispatch and MIS import this sheet.
A4: Product ID | B4: Product Name | C4: Customer ID | D4: Category | E4: BOM Model | F4: Coating Route | G4: Active | H4: Effective From
A5: PRD-A12 | B5: Model A12 ODU | C5: CUS-01 | D5: ODU | E5: A12-ED2026B | F5: POWDER COAT | G5: Yes | H5: 46478
A6: PRD-B07 | B6: Model B07 IDU | C6: CUS-01 | D6: IDU | E6: B07-ED2026B | F6: POWDER COAT | G6: Yes | H6: 46478
A7: PRD-C03 | B7: Model C03 frame | C7: CUS-02 | D7: FRAME | E7: C03-ED2026A | F7: NO COATING | G7: Yes | H7: 46478

Sheet M_Part
A1: PART MASTER
A2: One row per Part ID and revision. Wt/pc is copied onto production lines at posting.
A4: Part ID | B4: Product ID | C4: Part Name | D4: Drawing No | E4: Rev | F4: Material ID | G4: Thk mm | H4: Wt/pc kg | I4: Sq ft/pc | J4: Route | K4: Active
A5: A12-BP-01 | B5: PRD-A12 | C5: Base panel | D5: DRG-1102 | E5: C | F5: GPSP-1.6 | G5: 1.6 | H5: 6.215 | I5: 4.15 | J5: R-CBF | K5: Yes
A6: A12-SP-04 | B6: PRD-A12 | C6: Side panel | D6: DRG-1107 | E6: A | F6: GPSP-1.6 | G6: 1.6 | H6: 2.01 | I6: 1.6 | J6: R-CB | K6: Yes
A7: B07-CB-02 | B7: PRD-B07 | C7: Coil bracket | D7: DRG-2210 | E7: B | F7: GPSP-1.2 | G7: 1.2 | H7: 1.15 | I7: 0.9 | J7: R-CB | K7: Yes
A8: C03-FR-01 | B8: PRD-C03 | C8: Frame | D8: DRG-3301 | E8: A | F8: HRCA-2.0 | G8: 2 | H8: 12.4 | I8: 6.2 | J8: R-CF | K8: Yes

Sheet M_BOM_Model
A1: BOM EDITIONS
A2: New edition = new rows; old edition kept.
A4: BOM Model | B4: Product ID | C4: Edition | D4: Effective From | E4: Review Due | F4: Set Wt kg
A5: A12-ED2026B | B5: PRD-A12 | C5: 2026-B | D5: 46296 | E5: 46478 | F5: 42.663
A6: B07-ED2026B | B6: PRD-B07 | C6: 2026-B | D6: 46296 | E6: 46478 | F6: 18.2
A7: C03-ED2026A | B7: PRD-C03 | C7: 2026-A | D7: 46113 | E7: 46296 | F7: 74.24

Sheet M_BOM
A1: BOM LINES
A2: Wt per set = blank weight x qty per set.
A4: BOM Model | B4: SR No | C4: Parent SR | D4: Part ID | E4: Material ID | F4: Blank Wt kg | G4: Qty/Set | H4: Wt per Set kg | I4: Costable
A5: A12-ED2026B | B5: 1 | D5: A12-BP-01 | E5: GPSP-1.6 | F5: 6.215 | G5: 1 | H5: =ROUND(F5*G5,3) | I5: Yes
A6: A12-ED2026B | B6: 2 | D6: A12-SP-04 | E6: GPSP-1.6 | F6: 2.01 | G6: 2 | H6: =ROUND(F6*G6,3) | I6: Yes
A7: B07-ED2026B | B7: 1 | D7: B07-CB-02 | E7: GPSP-1.2 | F7: 1.15 | G7: 4 | H7: =ROUND(F7*G7,3) | I7: Yes
A8: C03-ED2026A | B8: 1 | D8: C03-FR-01 | E8: HRCA-2.0 | F8: 12.4 | G8: 2 | H8: =ROUND(F8*G8,3) | I8: Yes

Sheet M_Stage_Route
A1: STAGE & ROUTE MASTER
A2: Stage sequence per route - this is what makes WIP calculable without counts.
A4: Route | B4: Seq | C4: Stage | D4: Next Stage | E4: Ends In
A5: R-CBF | B5: 1 | C5: CUTTING | D5: BENDING
A6: R-CBF | B6: 2 | C6: BENDING | D6: FABRICATION
A7: R-CBF | B7: 3 | C7: FABRICATION | D7: JWC | E7: Powder coating (JWC)
A8: R-CB | B8: 1 | C8: CUTTING | D8: BENDING
A9: R-CB | B9: 2 | C9: BENDING | D9: JWC | E9: Powder coating (JWC)
A10: R-CF | B10: 1 | C10: CUTTING | D10: FABRICATION
A11: R-CF | B11: 2 | C11: FABRICATION | D11: FG | E11: Finished goods (no coating)

Sheet M_Machine
A1: MACHINE MASTER
A2: Process decides the stage of every production line.
A4: Machine ID | B4: Machine | C4: Process | D4: Status | E4: Capacity kg/day (Phase 2)
A5: MC-01 | B5: SLTL Laser | C5: CUTTING | D5: Running
A6: MC-02 | B6: Amada Punching | C6: CUTTING | D6: Running
A7: MC-03 | B7: Divine Laser | C7: CUTTING | D7: Running
A8: MC-05 | B8: Amada Bending | C8: BENDING | D8: Running
A9: MC-07 | B9: Fabrication Bay | C9: FABRICATION | D9: Running

Sheet M_People
A1: PEOPLE MASTER - single list for all books
A2: Person ID; never delete, set Active = No.
A4: Person ID | B4: Name (masked) | C4: Role | D4: Department | E4: Active
A5: PER-003 | B5: Person 03 | C5: Operator | D5: Production | E5: Yes
A6: PER-007 | B6: Person 07 | C6: Operator | D6: Production | E6: Yes
A7: PER-011 | B7: Person 11 | C7: Operator | D7: Production | E7: Yes
A8: PER-015 | B8: Person 15 | C8: Stores | D8: Stores | E8: Yes
A9: PER-018 | B9: Person 18 | C9: QC / approver | D9: QC | E9: Yes
A10: PER-021 | B10: Person 21 | C10: Operator | D10: Production | E10: Yes
A11: PER-030 | B11: Person 30 | C11: Supervisor | D11: Production | E11: Yes

Sheet M_Reason
A1: REJECTION REASONS
A2: Reason group + reason codes.
A4: Code | B4: Reason Group | C4: Reason
A5: BND-DIM | B5: BENDING - DIMENSION / POSITION | C5: Wrong bending position
A6: CUT-MAT | B6: CUTTING / MATERIAL | C6: Cut in wrong thickness
A7: FAB-WLD | B7: FABRICATION - WELDING | C7: Weld spatter / burn through

Sheet Control Totals
A1: CONTROL TOTALS - read by MIS
A2: Rows and totals per register.
A4: Register | B4: Rows | C4: Total Qty | D4: Total kg
A5: Production Register | B5: =COUNTA('Production Register'!$A$5:$A$400) | C5: =SUM('Production Register'!$K$5:$K$400) | D5: =SUM('Production Register'!$M$5:$M$400)
A6: Rej-Rework Register | B6: =COUNTA('Rej-Rework Register'!$A$5:$A$400) | C6: =SUM('Rej-Rework Register'!$H$5:$H$400) | D6: =SUM('Rej-Rework Register'!$I$5:$I$400)

Sheet Refresh Log
A1: REFRESH LOG
A2: One row per import per refresh.
A4: Run ID | B4: Refreshed At | C4: Source File | D4: Source Saved | E4: Rows | F4: Distinct IDs | G4: Control kg | H4: Status
A5: RUN-270415-0800 | B5: 46492.333 | C5: 1 ISKO Stores FY2027-28.xlsx | D5: 46491.753 | E5: 3 | F5: 3 | G5: 1105.9 | H5: OK

Sheet Settings
A1: SETTINGS
A2: The only place parameters are set. Typed values - no TODAY(), no CELL(). Every change goes to the Change Log.
A4: Setting | B4: Value | C4: Note
A5: FY | B5: 2027-28
A6: FYCode | B6: 2728
A7: AsOnDate | B7: 46492 | C7: Typed
A8: LockDate | B8: 46477
A9: BatchTol % | B9: 0.02 | C9: Batch variance tolerance
A10: BatchTolMinKg | B10: 1 | C10: Minimum tolerance in kg
A11: DataFolder | B11: D:\ISKO ERP\FY2027-28\
A12: StoresFile | B12: 1 ISKO Stores FY2027-28.xlsx | C12: Source of X_Batch

Sheet Lists
A1: LISTS - dropdown sources
A2: Visible; built from masters - no spill formulas.
A4: Shift | B4: QC | C4: Event Type | D4: Disposition
A5: A | B5: OK | C5: REJECT | D5: REWORK
A6: B | B6: HOLD | C6: REWORK-OK | D6: SCRAP
A7: C | C7: REWORK-SCRAP | D7: RETURN-TO-STORES
A8: GENERAL | D8: USE-AS-IS
