Workbook

Sheet README
A1: 4 ISKO MIS FY2027-28 - read-only reporting: KPIs, exceptions, trace
A2: PROTOTYPE - sample / masked data - layout of the target design, not the live ERP
A4: Routine
A5: Before review (daily) | B5: Data > Refresh All. Read Refresh Log - every source must be OK. Then Control Tower and Exceptions.
A6: Typing | B6: Only the period / filter boxes and the Lot / DC pick cells. No transaction is ever entered here.
A7: If a source is STALE or MISSING | B7: The banner on the Control Tower turns coral; ask the book owner to save, then refresh again.
A8: Detail extracts | B8: X_LotBal, X_RMMove, X_Prod, X_BatchBal, X_WIP, X_JWCLine, X_JWCBal, X_FGBal, X_DCLine load to the Power Query data model (not sheets); only the small summaries X_KPI_Month and X_Balances sit on sheets.
A11: Cell colours
A12: Cream | B12: you type or pick here
A13: Mint | B13: calculated / snapshot - posted as value
A14: Light grey | B14: lookup shown for information
A15: Coral | B15: hard stop - row cannot be posted
A16: Amber | B16: warning - post only with an authorised reason
A17: Teal | B17: totals
A18: Blue | B18: column headers

Sheet Control Tower
A1: CONTROL TOWER - director view
A2: Period and filters at the top; every tile reads the small monthly summary or the balances - nothing scans a register.
A3: Period | B3: Mar-27 | C3: Customer | D3: All | E3: Material | F3: All
A4: DATA STATUS | B4: =IF(COUNTIF('Refresh Log'!$J$5:$J$200,"OK")=COUNTA('Refresh Log'!$A$5:$A$200),"ALL SOURCES OK","ONE OR MORE SOURCES NOT OK - see Refresh Log")
A6: KPI | B6: Value | C6: Unit | D6: Previous Month | E6: Owner | F6: Source
A7: Cutting output (month) | B7: =INDEX('X_KPI_Month'!$C$5:$C$20,MATCH("Mar-27",'X_KPI_Month'!$A$5:$A$20,0))/1000 | C7: MT | D7: =INDEX('X_KPI_Month'!$C$5:$C$20,MATCH("Feb-27",'X_KPI_Month'!$A$5:$A$20,0))/1000 | E7: Production | F7: X_KPI_Month
A8: Cutting yield (closed batches) | B8: =INDEX('X_KPI_Month'!$E$5:$E$20,MATCH("Mar-27",'X_KPI_Month'!$A$5:$A$20,0))/INDEX('X_KPI_Month'!$D$5:$D$20,MATCH("Mar-27",'X_KPI_Month'!$A$5:$A$20,0)) | C8: % | D8: =INDEX('X_KPI_Month'!$E$5:$E$20,MATCH("Feb-27",'X_KPI_Month'!$A$5:$A$20,0))/INDEX('X_KPI_Month'!$D$5:$D$20,MATCH("Feb-27",'X_KPI_Month'!$A$5:$A$20,0)) | E8: Production | F8: X_BatchBal
A9: Scrap loss | B9: =INDEX('X_KPI_Month'!$G$5:$G$20,MATCH("Mar-27",'X_KPI_Month'!$A$5:$A$20,0))/100000 | C9: Rs lakh | D9: =INDEX('X_KPI_Month'!$G$5:$G$20,MATCH("Feb-27",'X_KPI_Month'!$A$5:$A$20,0))/100000 | E9: Production | F9: Q_MaterialFlow
A10: Dispatched | B10: =INDEX('X_KPI_Month'!$I$5:$I$20,MATCH("Mar-27",'X_KPI_Month'!$A$5:$A$20,0))/1000 | C10: MT | D10: =INDEX('X_KPI_Month'!$I$5:$I$20,MATCH("Feb-27",'X_KPI_Month'!$A$5:$A$20,0))/1000 | E10: MD | F10: X_DCLine
A11: Realisation | B11: =INDEX('X_KPI_Month'!$J$5:$J$20,MATCH("Mar-27",'X_KPI_Month'!$A$5:$A$20,0))/INDEX('X_KPI_Month'!$I$5:$I$20,MATCH("Mar-27",'X_KPI_Month'!$A$5:$A$20,0)) | C11: Rs/kg | D11: =INDEX('X_KPI_Month'!$J$5:$J$20,MATCH("Feb-27",'X_KPI_Month'!$A$5:$A$20,0))/INDEX('X_KPI_Month'!$I$5:$I$20,MATCH("Feb-27",'X_KPI_Month'!$A$5:$A$20,0)) | E11: MD | F11: X_DCLine
A12: Powder-coating cost | B12: =INDEX('X_KPI_Month'!$K$5:$K$20,MATCH("Mar-27",'X_KPI_Month'!$A$5:$A$20,0))/INDEX('X_KPI_Month'!$L$5:$L$20,MATCH("Mar-27",'X_KPI_Month'!$A$5:$A$20,0)) | C12: Rs/kg | E12: Dispatch / Finance | F12: X_JWCLine
A13: RM stock (open lots) | B13: =INDEX('X_Balances'!$C$5:$C$20,1)/1000 | C13: MT | E13: Stores | F13: X_LotBal
A14: WIP (calculated) | B14: =INDEX('X_Balances'!$C$5:$C$20,3)/1000 | C14: MT | E14: Production | F14: X_WIP
A15: At coaters | B15: =INDEX('X_Balances'!$C$5:$C$20,4)/1000 | C15: MT | E15: Dispatch | F15: X_JWCBal
A16: FG available (calculated) | B16: =INDEX('X_Balances'!$C$5:$C$20,5)/1000 | C16: MT | E16: Dispatch | F16: X_FGBal
A17: Open BLOCKER exceptions | B17: =COUNTIF('Exceptions'!$D$5:$D$200,"BLOCKER") | C17: count | E17: All | F17: Exceptions
A18: Data freshness | B18: =IF(COUNTIF('Refresh Log'!$J$5:$J$200,"OK")=COUNTA('Refresh Log'!$A$5:$A$200),"ALL SOURCES OK","CHECK REFRESH LOG") | E18: MIS owner | F18: Refresh Log

Sheet Exceptions
A1: EXCEPTIONS - one row per open problem, with owner and age
A2: Built on each refresh. BLOCKER rows mean a control was bypassed - same-day review.
A4: Exception ID | B4: Code | C4: Exception | D4: Severity | E4: Owner | F4: Source Row ID | G4: First Seen | H4: Days Open | I4: Action Note
A5: STK-03|CR-2728-0001 | B5: STK-03 | C5: Lot in QC HOLD more than 3 days | D5: HIGH | E5: QC | F5: CR-2728-0001 | G5: 46489 | H5: 3 | I5: Supplier visit 16-Apr
A6: PUR-01|PO/27-28/001-01 | B6: PUR-01 | C6: PO line past due with pending qty | D6: MEDIUM | E6: Purchase | F6: PO/27-28/001-01 | G6: 46490 | H6: 2
A7: PRD-03|ISS-2728-000004 | B7: PRD-03 | C7: Batch variance above tolerance (in progress) | D7: MEDIUM | E7: Production | F7: ISS-2728-000004 | G7: 46491 | H7: 1
A8: SYS-01|X_DCLine | B8: SYS-01 | C8: Source book stale (Dispatch saved 13-Apr) | D8: BLOCKER | E8: MIS owner | F8: X_DCLine | G8: 46492 | H8: 0 | I8: Asked Dispatch to save

Sheet Refresh Log
A1: REFRESH LOG - is every number fresh and complete?
A2: Written by Power Query on Refresh All. Rows must equal distinct IDs; control totals must equal the source book's Control Totals.
A4: Run ID | B4: Source Book | C4: Extract | D4: Refreshed At | E4: Source Saved | F4: Rows | G4: Distinct IDs | H4: Control kg | I4: Source Control kg | J4: Status
A5: RUN-270415-0915 | B5: Stores | C5: X_LotBal | D5: 46492.385 | E5: 46491.753 | F5: 5 | G5: 5 | H5: 3941.4 | I5: 3941.4 | J5: =IF(F5<>G5,"DUPLICATES",IF(ROUND(H5-I5,3)<>0,"MISMATCH",IF(D5-E5>'Settings'!$B$10/24,"STALE - source older than "&'Settings'!$B$10&" h","OK")))
A6: RUN-270415-0915 | B6: Stores | C6: X_RMMove | D6: 46492.385 | E6: 46491.753 | F6: 4 | G6: 4 | H6: -1087.5 | I6: -1087.5 | J6: =IF(F6<>G6,"DUPLICATES",IF(ROUND(H6-I6,3)<>0,"MISMATCH",IF(D6-E6>'Settings'!$B$10/24,"STALE - source older than "&'Settings'!$B$10&" h","OK")))
A7: RUN-270415-0915 | B7: Production | C7: X_Prod | D7: 46492.385 | E7: 46491.764 | F7: 6 | G7: 6 | H7: 1909.55 | I7: 1909.55 | J7: =IF(F7<>G7,"DUPLICATES",IF(ROUND(H7-I7,3)<>0,"MISMATCH",IF(D7-E7>'Settings'!$B$10/24,"STALE - source older than "&'Settings'!$B$10&" h","OK")))
A8: RUN-270415-0915 | B8: Production | C8: X_BatchBal | D8: 46492.385 | E8: 46491.764 | F8: 3 | G8: 3 | H8: 109.2 | I8: 109.2 | J8: =IF(F8<>G8,"DUPLICATES",IF(ROUND(H8-I8,3)<>0,"MISMATCH",IF(D8-E8>'Settings'!$B$10/24,"STALE - source older than "&'Settings'!$B$10&" h","OK")))
A9: RUN-270415-0915 | B9: Dispatch | C9: X_DCLine | D9: 46492.385 | E9: 46490.708 | F9: 2 | G9: 2 | H9: 224.375 | I9: 224.375 | J9: =IF(F9<>G9,"DUPLICATES",IF(ROUND(H9-I9,3)<>0,"MISMATCH",IF(D9-E9>'Settings'!$B$10/24,"STALE - source older than "&'Settings'!$B$10&" h","OK")))
A10: RUN-270415-0915 | B10: Dispatch | C10: X_JWCLine | D10: 46492.385 | E10: 46490.708 | F10: 2 | G10: 2 | H10: 363.6 | I10: 363.6 | J10: =IF(F10<>G10,"DUPLICATES",IF(ROUND(H10-I10,3)<>0,"MISMATCH",IF(D10-E10>'Settings'!$B$10/24,"STALE - source older than "&'Settings'!$B$10&" h","OK")))

Sheet Stock & WIP
A1: STOCK & WIP SUMMARY - all transaction-calculated
A2: No physical-count block. Every position comes from its owning book.
A4: Position | B4: kg | C4: Rs | D4: Items / lines | E4: Oldest (days) | F4: Owner
A5: ='X_Balances'!A5 | B5: ='X_Balances'!C5 | C5: ='X_Balances'!D5 | D5: ='X_Balances'!E5 | E5: ='X_Balances'!F5 | F5: ='X_Balances'!B5
A6: ='X_Balances'!A6 | B6: ='X_Balances'!C6 | C6: ='X_Balances'!D6 | D6: ='X_Balances'!E6 | E6: ='X_Balances'!F6 | F6: ='X_Balances'!B6
A7: ='X_Balances'!A7 | B7: ='X_Balances'!C7 | C7: ='X_Balances'!D7 | D7: ='X_Balances'!E7 | E7: ='X_Balances'!F7 | F7: ='X_Balances'!B7
A8: ='X_Balances'!A8 | B8: ='X_Balances'!C8 | C8: ='X_Balances'!D8 | D8: ='X_Balances'!E8 | E8: ='X_Balances'!F8 | F8: ='X_Balances'!B8
A9: ='X_Balances'!A9 | B9: ='X_Balances'!C9 | C9: ='X_Balances'!D9 | D9: ='X_Balances'!E9 | E9: ='X_Balances'!F9 | F9: ='X_Balances'!B9
A10: ='X_Balances'!A10 | B10: ='X_Balances'!C10 | C10: ='X_Balances'!D10 | D10: ='X_Balances'!E10 | E10: ='X_Balances'!F10 | F10: ='X_Balances'!B10

Sheet Production & Yield
A1: PRODUCTION & YIELD - by month
A2: From X_KPI_Month (PivotTable with slicers in the real build).
A4: Month | B4: RM Issued kg | C4: Cut Output kg | D4: Yield (closed) | E4: Scrap kg | F4: Scrap Rs | G4: Rejected kg | H4: Rejection %
A5: ='X_KPI_Month'!A5 | B5: ='X_KPI_Month'!B5 | C5: ='X_KPI_Month'!C5 | D5: =IFERROR('X_KPI_Month'!E5/'X_KPI_Month'!D5,"-") | E5: ='X_KPI_Month'!F5 | F5: ='X_KPI_Month'!G5 | G5: ='X_KPI_Month'!H5 | H5: =IFERROR(G5/C5,0)
A6: ='X_KPI_Month'!A6 | B6: ='X_KPI_Month'!B6 | C6: ='X_KPI_Month'!C6 | D6: =IFERROR('X_KPI_Month'!E6/'X_KPI_Month'!D6,"-") | E6: ='X_KPI_Month'!F6 | F6: ='X_KPI_Month'!G6 | G6: ='X_KPI_Month'!H6 | H6: =IFERROR(G6/C6,0)
A7: ='X_KPI_Month'!A7 | B7: ='X_KPI_Month'!B7 | C7: ='X_KPI_Month'!C7 | D7: =IFERROR('X_KPI_Month'!E7/'X_KPI_Month'!D7,"-") | E7: ='X_KPI_Month'!F7 | F7: ='X_KPI_Month'!G7 | G7: ='X_KPI_Month'!H7 | H7: =IFERROR(G7/C7,0)
A8: ='X_KPI_Month'!A8 | B8: ='X_KPI_Month'!B8 | C8: ='X_KPI_Month'!C8 | D8: =IFERROR('X_KPI_Month'!E8/'X_KPI_Month'!D8,"-") | E8: ='X_KPI_Month'!F8 | F8: ='X_KPI_Month'!G8 | G8: ='X_KPI_Month'!H8 | H8: =IFERROR(G8/C8,0)

Sheet Dispatch & JWC
A1: DISPATCH & JOB WORK - by month
A2: Dispatch kg/value, realisation, coating cost.
A4: Month | B4: Dispatched kg | C4: Dispatch Rs | D4: Rs / kg | E4: Sent to Coater kg | F4: PC Cost Rs | G4: PC Rs / kg
A5: ='X_KPI_Month'!A5 | B5: ='X_KPI_Month'!I5 | C5: ='X_KPI_Month'!J5 | D5: =IFERROR(C5/B5,0) | E5: ='X_KPI_Month'!L5 | F5: ='X_KPI_Month'!K5 | G5: =IFERROR(F5/E5,0)
A6: ='X_KPI_Month'!A6 | B6: ='X_KPI_Month'!I6 | C6: ='X_KPI_Month'!J6 | D6: =IFERROR(C6/B6,0) | E6: ='X_KPI_Month'!L6 | F6: ='X_KPI_Month'!K6 | G6: =IFERROR(F6/E6,0)
A7: ='X_KPI_Month'!A7 | B7: ='X_KPI_Month'!I7 | C7: ='X_KPI_Month'!J7 | D7: =IFERROR(C7/B7,0) | E7: ='X_KPI_Month'!L7 | F7: ='X_KPI_Month'!K7 | G7: =IFERROR(F7/E7,0)
A8: ='X_KPI_Month'!A8 | B8: ='X_KPI_Month'!I8 | C8: ='X_KPI_Month'!J8 | D8: =IFERROR(C8/B8,0) | E8: ='X_KPI_Month'!L8 | F8: ='X_KPI_Month'!K8 | G8: =IFERROR(F8/E8,0)

Sheet RM Requirement
A1: RM REQUIREMENT - what to buy (replaces requisition)
A2: Open requirement x BOM set weight - RM stock - open PO pending (Power Query).
A4: Material ID | B4: Required kg (open req x BOM) | C4: RM Stock kg | D4: On Order kg | E4: To Buy kg | F4: Min Level kg | G4: Action
A5: GPSP-1.6 | B5: 10239 | C5: 2093.7 | D5: 1424.5 | E5: =MAX(0,B5-C5-D5) | F5: 1500 | G5: =IF(E5>0,"WARN: raise PO","OK")
A6: GPSP-1.2 | B6: 3640 | C6: 1281.3 | D6: 1640 | E6: =MAX(0,B6-C6-D6) | F6: 1000 | G6: =IF(E6>0,"WARN: raise PO","OK")
A7: HRCA-2.0 | B7: 2227 | C7: 425.3 | D7: 0 | E7: =MAX(0,B7-C7-D7) | F7: 600 | G7: =IF(E7>0,"WARN: raise PO","OK")

Sheet Lot Trace
A1: LOT TRACE - pick a Lot ID in B3, then Refresh
A2: Power Query parameter query: PO -> GRN -> QC -> batches -> production -> JWC -> DC for one lot (no FILTER formulas).
A3: Lot ID | B3: GP-2728-0001 | C3: Refreshed with run | D3: RUN-270415-0915
A5: Step | B5: ID | C5: Date | D5: Detail | E5: kg / Qty | F5: Book
A6: PO line | B6: PO/27-28/001-01 | C6: 46479 | D6: Supplier A (masked), GPSP-1.6, ordered 3,000 kg | E6: 3000 | F6: Stores
A7: GRN / lot | B7: GP-2728-0001 | C7: 46485 | D7: Invoice INV/3381, 40 sheets | E7: 1575.5 | F7: Stores
A8: QC | B8: QC-2728-000002 | C8: 46485 | D8: ACCEPTED | E8: 1575.5 | F8: Stores
A9: Batch (issue) | B9: ISS-2728-000001 | C9: 46489 | D9: MC-01, 12 sheets | E9: 471 | F9: Stores
A10: Return | B10: OFC-2728-000003 | C10: 46490 | D10: Offcut back to lot | E10: 18.4 | F10: Stores
A11: Production | B11: PRD-2728-000001 | C11: 46489 | D11: CUTTING A12-BP-01 x 60 | E11: 372.9 | F11: Production
A12: Job work | B12: JWC/27-28/0001-01 | C12: 46490 | D12: Coater 1, 40 nos, 166 sq ft | E12: 40 | F12: Dispatch
A13: Coater return | B13: CRT-2728-00002 | C13: 46492 | D13: BACK-OK 30 nos | E13: 30 | F13: Dispatch
A14: Delivery | B14: DC/27-28/0001-01 | C14: 46491 | D14: Customer 1, 25 nos, Req REQ-2728-00002 | E14: 25 | F14: Dispatch

Sheet DC Trace
A1: DC TRACE - pick a Challan No in B3, then Refresh
A2: Back from a delivery challan to JWC line, batch, lot, GRN and PO.
A3: Challan No | B3: DC/27-28/0002
A5: DC Line | B5: Part | C5: JWC Line | D5: Batch | E5: Lot | F5: GRN Date | G5: Supplier | H5: PO Line
A6: DC/27-28/0002-01 | B6: B07-CB-02 | C6: JWC/27-28/0002-01 | D6: ISS-2728-000002 | E6: GP-2728-0002 | F6: 46485 | G6: Supplier A (masked) | H6: PO/27-28/001-02

Sheet MRM Monthly
A1: MONTHLY REVIEW PACK (MRM)
A2: Same sections every month; read from the summaries. No mail, no print area.
A4: Section | B4: This Month | C4: Last Month | D4: Comment (typed in review)
A5: 1. Dispatch kg | B5: ='X_KPI_Month'!I7 | C5: ='X_KPI_Month'!I6
A6: 2. Cutting output kg | B6: ='X_KPI_Month'!C7 | C6: ='X_KPI_Month'!C6
A7: 3. Yield (closed batches) | B7: ='Production & Yield'!D7 | C7: ='Production & Yield'!D6
A8: 4. Scrap Rs | B8: ='X_KPI_Month'!G7 | C8: ='X_KPI_Month'!G6
A9: 5. PC cost Rs/kg | B9: ='Dispatch & JWC'!G7 | C9: ='Dispatch & JWC'!G6
A10: 6. Open BLOCKER exceptions | B10: ='Control Tower'!B17

Sheet X_KPI_Month
A1: X_KPI_MONTH - monthly summary built by Power Query (values)
A2: Small table (one row per month) - every tile and chart reads this, never a register. Earlier months come from archived books (sample values).
A4: Month | B4: RM Issued kg | C4: Cut Output kg | D4: Net Batch kg (closed) | E4: Cut Output kg (closed) | F4: Scrap kg | G4: Scrap Rs | H4: Rejected kg | I4: Dispatched kg | J4: Dispatch Rs | K4: PC Cost Rs | L4: Sent to Coater kg
A5: Jan-27 | B5: 121500 | C5: 109200 | D5: 118900 | E5: 108800 | F5: 9100 | G5: 678000 | H5: 210 | I5: 96100 | J5: 15950000 | K5: 268000 | L5: 9900
A6: Feb-27 | B6: 128300 | C6: 115600 | D6: 125400 | E6: 114700 | F6: 9800 | G6: 730100 | H6: 185 | I6: 103800 | J6: 17130000 | K6: 281000 | L6: 10400
A7: Mar-27 | B7: 133800 | C7: 121000 | D7: 131200 | E7: 120100 | F7: 10200 | G7: 760000 | H7: 240 | I7: 109200 | J7: 18050000 | K7: 296500 | L7: 11000
A8: Apr-27 | B8: 1105.9 | C8: 903.9 | D8: 0 | E8: 0 | F8: 74.4 | G8: 5543 | H8: 24.86 | I8: 224.375 | J8: 38309.07 | K8: 5346 | L8: 363.6

Sheet X_Balances
A1: X_BALANCES - current positions from the three books (values)
A2: Lot, WIP, at-coater and FG balances as published by their owners.
A4: Position | B4: Owner Book | C4: kg | D4: Rs | E4: Items | F4: Oldest Days
A5: RM stock (open lots) | B5: Stores | C5: 3941.4 | D5: 287102 | E5: 5 | F5: 14
A6: RM stock older than 90 days | B6: Stores | C6: 0 | D6: 0 | E6: 0 | F6: 0
A7: WIP (calculated) | B7: Production | C7: 202.29 | D7: 15070 | E7: 4 | F7: 3
A8: At coaters (pending) | B8: Dispatch | C8: 291.05 | D8: 0 | E8: 2 | F8: 2
A9: FG available (calculated) | B9: Dispatch | C9: 31.08 | D9: 0 | E9: 1 | F9: 0
A10: Consumables | B10: Stores | C10: 0 | D10: 21842 | E10: 4 | F10: 0

Sheet Settings
A1: SETTINGS
A2: The only place parameters are set. Typed values - no TODAY(), no CELL(). Every change goes to the Change Log.
A4: Setting | B4: Value | C4: Note
A5: DataFolder | B5: D:\ISKO ERP\FY2027-28\ | C5: Typed once
A6: StoresFile | B6: 1 ISKO Stores FY2027-28.xlsx
A7: ProductionFile | B7: 2 ISKO Production FY2027-28.xlsx
A8: DispatchFile | B8: 3 ISKO Dispatch & Challan FY2027-28.xlsx
A9: Period | B9: Apr-27 | C9: Month shown
A10: MaxAgeHours | B10: 24 | C10: Older source = STALE
A11: ArchiveFolder | B11: D:\ISKO ERP\Archive\ | C11: Earlier FY books
